Track Name,Artist,Album,Release Date,Popularity
Hollow,Lost Identities,Hollow,2024-11-22,13
Fly Again - Lost Identities Remix,CADMIUM,Fly Again (Lost Identities Remix),2024-01-05,21
Past Calling,Lost Identities,Homing Instinct,2021-01-29,13
24/7 - Lost Identities Remix,Flux Pavilion,24/7 (Lost Identities Remix),2024-12-12,11
XTRA,Jaxon Wild,XTRA,2024-12-20,23
It's You,Lost Identities,It's You,2025-03-14,23
K.O.,name unknown,K.O.,2025-01-03,22
Earthquake,Lost Identities,Earthquake,2020-09-25,10
Monsoon,Melvo,Monsoon,2024-10-11,17
Nocturnal,Melvo,Nocturnal,2025-03-07,23
Badman Dub,Jaxon Wild,Badman Dub,2025-03-03,22
The Mist,Tripulse,The Mist,2025-01-30,10
Hope,Lost Identities,Homing Instinct,2021-01-29,7
Battle Bots,AceMyth,Battle Bots,2025-01-31,25
RUN IT,Jaxon Wild,RUN IT,2025-01-10,31
Above the Water,Blanke,Above the Water,2025-02-21,44
MIND,DTOMP,MIND,2025-01-04,12
Glass,Hex Cougar,Glass,2024-08-23,25
Don't Give Me This,Jaxon Wild,Don't Give Me This,2025-01-29,17
Haunt Me,Brave The Storm,Haunt Me,2024-10-18,25
Hot One,name unknown,Hot One,2024-09-27,14
World Without You,KYMERA,World Without You,2024-08-23,10
What's Up Brother,name unknown,What's Up Brother,2024-05-31,15
Something To Fight For,Lost Identities,Something To Fight For,2024-03-15,7
Conquer,Maxxd,Conquer,2024-03-26,4
Run It Back,Blunts & Blondes,Run It Back,2024-12-11,28
Over The Edge,Rival,Over The Edge,2023-04-21,19
(Zombies) All The Way Up,Demien Sixx,Zombie Inc.,2024-11-26,11
Make No Friend,Julien-B,"Julien-B, Vol. 1",2024-11-01,9
Chains,BlackCrow,Chains,2025-01-16,19
id,xoxodubstep,id,2024-08-10,13
CAN'T GET ENOUGH,Broeseph,CAN'T GET ENOUGH,2025-01-17,11
Jackpot,Kompany,Jackpot,2024-10-18,46
Overstimulated,Rival,Overstimulated,2024-10-25,31
Ouroboros,Eyht,Ouroboros,2024-05-24,2
Give in to you,Rezz,Give in to you,2024-09-13,50
Embers,Nytrix,Embers,2024-05-01,0
Bleed,N3b,Bleed,2024-11-15,26
All Night - MECHANYX Remix,JackEL,All Night (The Remixes),2024-11-08,8
NO FEAR,DIESEL,NO FEAR,2023-08-02,35
RUN - Brave The Storm Remix,Lektrique,RUN Remixes,2024-07-26,23
Can't Slow Down,Kayzo,Can't Slow Down,2024-10-25,39
Riot,Sub Terra,Breathe/Riot,2023-07-14,15
Insanity,Blind Lies,Insanity,2024-01-19,15
NO MORE HUMAN,DarkNexal,NO MORE HUMAN,2024-11-07,8
Forever & Always,VLTGE,A Space Love Story,2024-11-22,2
Ready Now,Afinity,Ready Now,2024-08-05,31
King Of Diamonds,OMAS,Ace Of Spades,2024-02-21,11
The Call,CADMIUM,The Call,2024-12-13,29
Hunters,Vladimir Cauchemar,Hunters,2024-06-20,33
Fire It Up,The Kudu,Fire It Up,2024-09-27,22
MUTT,ERBES,MUTT,2024-11-07,16
Get U,Sub Terra,Get U,2024-03-21,10
STFU,Crankdat,STFU,2023-09-22,53
SEE YOU DROP,Ray Volpe,SEE YOU DROP,2024-03-01,54
Damage Per Second,Exodus Era,Damage Per Second,2024-08-09,4
Data,Blanke,Emergence,2024-03-22,33
Poison Pills,Lost Identities,Poison Pills,2023-08-25,13
Lonely People - Brody Jenner Remix,Tujamo,Lonely People - The Remixes,2024-10-18,31
REGICIDE,ero808,REGICIDE,2024-05-03,25
Ascend,Vluarr,Ascend,2024-09-20,43
Can't Be Tamed,Pascal Rubinstein,Can't Be Tamed,2024-08-23,8
HERO,Adventure Club,HERO,2024-05-31,41
Uncaged,Kai Wachi,Uncaged,2024-08-14,44
Sientelo,Mefjus,Sientelo,2021-08-31,58
Recursion,Yoko,Wake The Dreamer,2024-01-01,20
Any Other Way,Lost Identities,Homing Instinct,2021-01-29,20
Simulation,Virtual Riot,Simulation (Deluxe Version),2022-02-04,20
Heaven,Blanke,Heaven,2024-01-12,43
LOST,Lost Identities,Homing Instinct,2021-01-29,4
Strapped,Kompany,Strapped,2023-10-13,27
Doughboi,TYNAN,Doughboi,2019-05-10,3
Giant,Borg_be,Giant,2024-12-20,29
Shine,Lost Identities,Homing Instinct,2021-01-29,6
Flirt With Disaster,Odd Language,Flirt With Disaster,2024-05-23,27
Name Drop,Excision,Name Drop,2022-08-12,50
Throne (VIP),Blind Lies,Throne (VIP),2023-07-14,18
Voices Inside,CADMIUM,ELEMENTAL,2023-12-08,6
RUCKUS,SNAILS,RUCKUS,2023-10-20,10
CALL MY NAME,REAPER,CHALLENGER (DELUXE),2024-10-18,24
HAUNTED,ezcbr,DISTORTED MiND,2024-10-18,1
Shivering,ILLENIUM,Shivering,2022-05-13,49
Flying (Pegboard Nerds Remix),SNAILS,Flying (Pegboard Nerds Remix),2023-03-17,18
Your Touch (Remix),Lost Identities,Your Touch (Remix),2020-11-07,7
Meant To Be Lonely,Ray Volpe,Meant To Be Lonely,2023-03-17,40
Natural Energy,Lost Identities,Natural Energy,2020-02-21,4
You Shall See,Black Tiger Sex Machine,You Shall See,2024-07-12,34
Exchange,Gallium,Exchange,2023-02-09,4
Change,2nd Life,Change,2022-07-15,17
Laserbeam - Egzod Remix,Ray Volpe,Laserbeam (Egzod Remix),2023-01-13,14
Feel Something (With I Prevail),ILLENIUM,Feel Something (With I Prevail),2020-04-03,60
Titans,Excision,Titans,2023-02-03,49
The Unknown,Lost Identities,The Unknown,2022-02-11,5
Gold (Stupid Love),Excision,Gold (Stupid Love),2018-07-17,45
Overkill,RIOT,Dogma Resistance,2019-11-07,51
Voice,Kai Wachi,SKINS,2022-06-10,33
Hunters - GRAVEDGR Edit,Vladimir Cauchemar,Hunters (GRAVEDGR Edit),2024-10-09,31
Falling (Finale) [feat. Shimi],Lost Identities,Homing Instinct,2021-01-29,5
U & Me - Nikademis Remix,ILLENIUM,Fallen Embers (Remixes),2022-05-27,25
Falling - KEYMAK Remix,Lost Identities,Homing Instinct (The Remixes),2021-04-02,2
